{
  "id": "foundry-rag-assistant",
  "title": "Foundry RAG Assistant",
  "description": "Scene-aware RAG assistant for Foundry VTT.",
  "version": "1.0.0",
  "compatibility": {
    "minimum": "11",
    "verified": "11"
  },
  "authors": [
    {
      "name": "David"
    }
  ],
  "esmodules": [
    "dist/module.js"
  ],
  "styles": [
    "styles/rag-panel.css"
  ],
  "languages": [
    {
      "lang": "en",
      "name": "English",
      "path": "lang/en.json"
    }
  ],
  "templates": [
    "templates/rag-panel.hbs",
    "templates/rag-chat.hbs"
  ],
  "url": "https://github.com/Mirloc608/foundry-rag-assistant",
  "manifest": "https://raw.githubusercontent.com/Mirloc608/foundry-rag-assistant/main/module.json",
  "download": "https://github.com/Mirloc608/foundry-rag-assistant/archive/refs/heads/main.zip"
}
